{"cameraMode":{"drawMode":0,"name":"Shaded","section":"Shading Mode"},"sceneLighting":false,"audioPlay":false,"sceneViewState":{"m_AlwaysRefresh":false,"showFog":true,"showSkybox":false,"showFlares":true,"showImageEffects":true,"showParticleSystems":true,"showVisualEffectGraphs":true,"m_FxEnabled":true},"in2DMode":false,"pivot":{"x":-0.03162619471549988,"y":0.16591119766235352,"z":0.07317349314689636},"rotation":{"x":0.17173193395137788,"y":-0.12464684993028641,"z":0.021910903975367547,"w":0.976984441280365},"size":0.25980761647224429,"orthographic":true}