{"cameraMode":{"drawMode":0,"name":"Shaded","section":"Shading Mode"},"sceneLighting":true,"audioPlay":false,"sceneViewState":{"m_AlwaysRefresh":false,"showFog":true,"showSkybox":true,"showFlares":true,"showImageEffects":true,"showParticleSystems":true,"showVisualEffectGraphs":true,"m_FxEnabled":true},"in2DMode":false,"pivot":{"x":1.363311767578125,"y":1.4293195009231568,"z":0.1407456398010254},"rotation":{"x":0.27804723381996157,"y":-0.3236331045627594,"z":0.10011132061481476,"w":0.8988509178161621},"size":0.5774136185646057,"orthographic":true}