{"cameraMode":{"drawMode":0,"name":"Shaded","section":"Shading Mode"},"sceneLighting":false,"audioPlay":false,"sceneViewState":{"m_AlwaysRefresh":false,"showFog":true,"showSkybox":false,"showFlares":true,"showImageEffects":true,"showParticleSystems":true,"showVisualEffectGraphs":true,"m_FxEnabled":true},"in2DMode":false,"pivot":{"x":-0.015400780364871025,"y":0.029556792229413987,"z":0.0551365464925766},"rotation":{"x":0.14578086137771607,"y":-0.8528885841369629,"z":0.3793433606624603,"w":0.3277640640735626},"size":0.48329952359199526,"orthographic":true}