{"cameraMode":{"drawMode":0,"name":"Shaded","section":"Shading Mode"},"sceneLighting":false,"audioPlay":false,"sceneViewState":{"m_AlwaysRefresh":false,"showFog":true,"showSkybox":false,"showFlares":true,"showImageEffects":true,"showParticleSystems":true,"showVisualEffectGraphs":true,"m_FxEnabled":true},"in2DMode":false,"pivot":{"x":1.6763806343078614e-8,"y":-0.0010252837091684342,"z":0.15300002694129945},"rotation":{"x":0.31879809498786929,"y":0.35689133405685427,"z":-0.13104382157325746,"w":0.8682324290275574},"size":0.4624875783920288,"orthographic":true}