{"cameraMode":{"drawMode":0,"name":"Shaded","section":"Shading Mode"},"sceneLighting":false,"audioPlay":false,"sceneViewState":{"m_AlwaysRefresh":false,"showFog":true,"showSkybox":false,"showFlares":true,"showImageEffects":true,"showParticleSystems":true,"showVisualEffectGraphs":true,"m_FxEnabled":true},"in2DMode":false,"pivot":{"x":-0.27539366483688357,"y":0.38357672095298769,"z":0.042734600603580478},"rotation":{"x":-0.08003634959459305,"y":-0.8994920253753662,"z":0.38722720742225649,"w":-0.18610362708568574},"size":0.6842256784439087,"orthographic":true}