{"cameraMode":{"drawMode":0,"name":"Shaded","section":"Shading Mode"},"sceneLighting":false,"audioPlay":false,"sceneViewState":{"m_AlwaysRefresh":false,"showFog":true,"showSkybox":false,"showFlares":true,"showImageEffects":true,"showParticleSystems":true,"showVisualEffectGraphs":true,"m_FxEnabled":true},"in2DMode":false,"pivot":{"x":0.10195276141166687,"y":0.11721840500831604,"z":0.012567609548568726},"rotation":{"x":0.3641846776008606,"y":0.025141382589936258,"z":-0.00983545184135437,"w":0.9309408068656921},"size":0.3699280619621277,"orthographic":true}