{"cameraMode":{"drawMode":0,"name":"Shaded","section":"Shading Mode"},"sceneLighting":false,"audioPlay":false,"sceneViewState":{"m_AlwaysRefresh":false,"showFog":true,"showSkybox":false,"showFlares":true,"showImageEffects":true,"showParticleSystems":true,"showVisualEffectGraphs":true,"m_FxEnabled":true},"in2DMode":false,"pivot":{"x":-0.13646434247493745,"y":-0.07968579232692719,"z":0.023061633110046388},"rotation":{"x":-0.093889981508255,"y":-0.7575491070747376,"z":0.11177828162908554,"w":-0.636264979839325},"size":0.3860386610031128,"orthographic":true}