{"cameraMode":{"drawMode":0,"name":"Shaded","section":"Shading Mode"},"sceneLighting":false,"audioPlay":false,"sceneViewState":{"m_AlwaysRefresh":false,"showFog":true,"showSkybox":false,"showFlares":true,"showImageEffects":true,"showParticleSystems":true,"showVisualEffectGraphs":true,"m_FxEnabled":true},"in2DMode":false,"pivot":{"x":0.007027357816696167,"y":0.4167833924293518,"z":0.2104528546333313},"rotation":{"x":0.2345273494720459,"y":-0.5352023839950562,"z":0.15766935050487519,"w":0.7960649728775024},"size":0.5737795829772949,"orthographic":true}