{"cameraMode":{"drawMode":0,"name":"Shaded","section":"Shading Mode"},"sceneLighting":false,"audioPlay":false,"sceneViewState":{"m_AlwaysRefresh":false,"showFog":true,"showSkybox":false,"showFlares":true,"showImageEffects":true,"showParticleSystems":true,"showVisualEffectGraphs":true,"m_FxEnabled":true},"in2DMode":false,"pivot":{"x":-0.3463037610054016,"y":0.44222700595855715,"z":0.1256726235151291},"rotation":{"x":0.022701648995280267,"y":0.7422158718109131,"z":-0.025165194645524026,"w":0.6693128943443298},"size":0.6609962582588196,"orthographic":true}